[
    {
        "Nrm": "MD-2025001",
        "Nama": "Anggi",
        "Gender": "Perempuan",
        "Tempat_lahir": "Bekasi",
        "Tanggal_lahir": "2004-11-25",
        "No_telp": "08567326533",
        "Alamat": "Bekasi Selatan",
        "Tanggal_daftar": "2025-03-20"
    },
    {
        "Nrm": "MD-2025002",
        "Nama": "Azis Aselole",
        "Gender": "Laki-laki",
        "Tempat_lahir": "Depok",
        "Tanggal_lahir": "2002-06-19",
        "No_telp": "08562765262",
        "Alamat": "Depok Baru",
        "Tanggal_daftar": "2025-03-18"
    },
    {
        "Nrm": "MD-2025003",
        "Nama": "Shafira Putri",
        "Gender": "Perempuan",
        "Tempat_lahir": "Jakarta",
        "Tanggal_lahir": "2002-10-15",
        "No_telp": "089652836375",
        "Alamat": "Kranji, Jl. Baru, Blok A 12",
        "Tanggal_daftar": "2025-03-21"
    },
    {
        "Nrm": "MD-2025004",
        "Nama": "Kukuh",
        "Gender": "Laki-laki",
        "Tempat_lahir": "Bekasi",
        "Tanggal_lahir": "1999-02-02",
        "No_telp": "08564534783",
        "Alamat": "Babelan",
        "Tanggal_daftar": "2025-03-13"
    }
]